ID,NICKNAME
17116,ragga
1206,BTN
19167,smekk-
19698,adamS
21113,MoDo
20363,joel
10784,RuStY
14218,Plopski
9255,draken
16486,ztr
17390,ADK
18214,nettik
18545,asap
20527,TjP
12877,chelleos
19692,zevy
18141,biguzera
16817,hardzao
18676,skullz
9482,NEKIZ
3055,flusha
15569,Sapec
3849,JW
19065,SHiNE
15949,Peppzor
16412,rafftu
18789,Necrogenes1s
18788,dan1
8555,jayzaR
20430,alpha
21416,Pugg
22137,corn
15052,Danejoris
20793,Austin
22549,RiFT
17510,J0LZ
16470,aris
14619,Infinite
16893,stamina
13229,Snakes
10892,MarKE
16546,cynic
16647,Bwills
9571,cJ
17918,nosraC
16865,Magic
19301,dAVE
22919,Ethex
21980,supa
20692,dea
22026,Katherine
22028,Margo
22934,meo
22935,uulis
22933,ayaka
13737,Minnie
18786,pullox
13736,KiKi
22104,Ann4
23062,Nea
11140,INS
10588,Liazz
17384,Vexite
9102,Sico
11139,aliStair
9216,coldzera
21699,n9xtz
15698,dumau
19045,latto
19694,nqz
22604,xia
22602,Tynka
18229,Jammie
23053,Moraltis
23052,suns1de
13550,kezziwow
22024,Joanana
7645,aurora
22023,spike
22603,ManeschijnX
17011,shalfey
12027,Krad
13157,Jerry
15662,zorte
20709,r3salt
13240,Lack1
18670,SELLTER
19236,KENSI
19882,Norwi
20700,lattykk
12758,ANa
1572,vilga
16497,tory
21756,Kat
18775,twenty3
21796,Qiyarah
21798,Nayomy
18783,jenkon
21849,ASTRA
22871,pauliiee
16723,Cabbi
13749,Queenix
21379,salazar
15349,maNkz
20300,kraghen
15203,reiko
161,TaZ
9798,lunAtic
20245,SaMey
15940,Sobol
16147,cptkurtka023
19617,amster
20112,alex666
20425,r1nkle
20422,OWNER
8183,rain
18053,broky
10394,Twistzz
11816,ropz
429,karrigan
9816,Aleksib
13666,Brollan
9278,REZ
19592,headtr1ck
9078,k0nfig
798,oskar
8488,ZEDKO
12810,SHOCK
11199,beastik
8413,Zero
8786,jR
19913,Ganginho
22643,nifee
19874,MaSvAl
22193,sad
15501,b0denmaster
16599,Swisher
16811,MisteM
18790,CacaNito
12102,djay
13718,birdfromsky
2898,raalz
11995,TMB
9896,b0RUP
20123,regali
8212,ScrunK
16495,kory
20170,kyuubii
16726,phzy
20968,Soulfly
18850,Jimpphat
16741,Q-Q
21983,Chr1zN
20870,sl3nd
20872,Nexius
19739,Ex3rcice
19738,Djoko
13497,Lucky
13138,Maka
19890,Gringo
22013,asran
20281,darchevile
15901,Enzo
20283,tomiko
20284,maaryy
16948,TRAVIS
20113,deko
11840,Boombl4
13982,Forester
11498,NickelBack
8082,AZR
20090,Zyphon
20304,Staehr
9626,XELLOW
20761,lauNX
20882,Kamion
8733,bodito
19084,msN
13317,Aaron
10698,kolor
20956,fozil
22189,H4SAN4TOR
17316,Vert
20828,leri511
15983,enzero
15117,Keoz
14759,iM
10330,acoR
16820,siuhy
17937,isak
13026,c0llins
2476,emi
16410,Duplicate
15385,KalubeR
21297,ROGA
9032,Magisk
7322,apEX
11893,ZywOo
18221,Spinx
284,JACKZ
10264,niko
17306,degster
19044,F1KU
15821,NEOFRAG
16693,flameZ
20336,arTisT
20339,Extinct
20340,Girafffe
21816,Gizmy
22043,MMS
19817,s0und
12945,Blytz
5386,byali
2553,Snax
20018,fr3nd
19064,spooke
21012,Ro1f
15975,FRANSSON
20592,hype
21159,bobeksde
20104,s1n
19284,prosus
19107,S3NSEY
21500,ArroW
20169,skyye
8576,ZOREE
21963,Alxc
9271,sLowi
695,allu
18643,Sm1llee
9081,S0tF1k
21167,donk
21348,ArtFr0st
20423,zont1x
22688,baaaaZzz
19671,Python
14176,misutaaa
7168,NBK-
7167,kennyS
8374,bodyy
13018,Thomas
20358,volt
18571,CYPHER
5388,rallen
7996,CRUC1AL
13326,Bouchard
16355,sapphire
20453,Andrea
21731,Kionetta
23061,Chowdzz
22096,7licious
13324,m1lky
21804,garden
21794,Jesscas
22067,PiggyKiki
12714,bMAX
21805,Rice
23057,sunnypp
23055,Alleb
23056,kalecat
22111,vanessa
22302,empathy
23059,lisa
23060,abby
23058,Lx
21219,kaah
17288,izaa
16341,GaBi
20501,bokor
11872,gabs
22632,yodinha2k
19142,chjna
19998,REGIANE
21738,ferzy
16343,khizha
17291,Le
9241,cAmyy
22232,s1non
20503,annaEX
22270,Babs
22838,BunnyAzul
22839,lulitenz
22840,maru
22841,valulu
23054,Luulu4k
18552,juaniv
20553,relentless
20992,ivz
22613,HUASOPEEK
22175,PABLEK
23025,ju44n
23026,Soldier
23027,LUCIFER
23028,Jr0m
23029,Kleq
19206,jL
8248,jkaem
20716,berzerk
19677,kyxsan
6904,STYKO
22777,diozera
18877,phx
21700,brn$
22366,nicks
20029,card
15297,crown
23031,swarmyzz
23032,Dabliu
20615,AKEX
23030,nate
9984,Missy
22405,MajmooNz
20457,Potya
23051,miLo
23050,Waldee
21736,josi
16764,Zana
15831,D7
20166,Aida
20165,JennyR
20350,Layner
20349,casey
21265,sNx
17905,iso
21263,olimp
22065,Angelka
21727,LETi
22063,Hanka
16760,Liina
22062,vicu
17214,kr4sy
7653,juliano
1646,zAAz
22295,manka
23049,kyossa
17504,KEi
4829,mynio
15428,Goofy
19114,Kylar
16848,hades
20282,kRaSnaL
19763,BOROS
12731,sdy
16885,Woro2k
19733,DemQQ
12126,poizon
15369,REDSTAR
2799,bubble
8412,dream3r
18697,oxygeN
8321,oskarish
973,SZPERO
3669,innocent
18070,Demho
20413,mwlky
21142,mASKED
20384,zaNNN
8324,morelz
11278,TOAO
20309,bnox
17803,fear
18280,s1zen
23046,jambo
23047,Sdaim
23048,kelieN
14018,simix
12304,Stev0se
20364,n0tice
19818,swiiffter
11276,Marko≈õ
13670,nawwk
21469,outex
16718,Fessor
8983,MiGHTYMAX
9019,Surreal
20447,HeavyGod
16847,mhL
15778,SENER1
17147,juanflatroo
18120,sinnopsyy
19725,gxx-
12708,rigoN
17658,tENSKI
17044,Noxio
17438,shutout
19437,Alvin
20204,BeaKie
19711,snav
19710,dare
19709,shane
14495,droid
21058,Fr3nk1e
17353,cxzi
20630,silas
19705,chop
19177,consti
20934,Tender
21723,spek
20673,LIN
22140,souz4h
22182,ksloks
22422,zock9
23045,lukiz
23033,are3s
23034,GeNnu
23035,Idzan
23037,fst
23036,yiyodeuS
17318,shyyne
18560,leaf
20359,dox
22106,AZUWU
20103,Krs7N
20490,rapala
20500,DreaM
19282,HadeZ
20738,Bonga
22926,Jansen
20345,KWERTZZ
14990,keen
17117,shield
19173,fNk
15118,SBT
20085,kauez
14010,zmb
20385,kye
20577,Bruninho
22084,mello
20185,cass1n
22019,gh
21007,ph1
22362,xureba
22126,nyezin
20600,sm3t
21363,shg
22073,L1GH7n1nG
22076,AW
22075,sFade8
21021,TR0JN
20264,cyber
21023,EMSTAR
21243,Wicadia
22361,jottAAA
19808,tN1R
19821,znxxX
13976,boX
11926,mds
13980,lollipop21k
16487,eraa
20878,adamb
20879,maxster
20119,nilo
19310,LNZ
22842,kensizor
12317,fleav
18469,sarenii
18581,Katalic
16186,stYleEeZ
21163,susp
20092,Bogdan
7443,twist
17936,bq
3329,quix
14120,HugoXD
12937,WolfY
14217,hns
16946,Polt
18507,DaDte
19270,k4sl-
20387,Xant3r
21630,Pipw
19937,Diviiii
21968,unshaark
19742,drac
16349,xReal
10569,devoduvek
13170,kwezz
19038,PR1mE
13843,Lucky
16731,IceBerg
15963,scott
20593,Airax
11283,ottoNd
7248,xseveN
4076,Aerial
20625,Banjo
18219,Adam9130
20128,dobbo
7700,robiin
19283,PANIX
20815,Wolfie
19059,ritchiEE
18163,Bibu
8151,AcilioN
9294,NaToSaphiX
14684,jedqr
19575,X5G7V
14273,iDISBALANCE
12269,Jyo
20207,Raijin
21667,Magnojez
8371,alex
9254,mopoz
21239,Martinez
19509,dav1g
18749,sausol
22368,max
22069,Grizz
21665,JBa
20233,scar
20572,kmrn
19887,Makzwell
11617,malbsMd
2529,Maluk3
17553,pesadelo
10818,iDk
11163,trk
20683,Icarus
21136,Shr
17003,snapy
20054,rafaxF
22807,aragornN
14380,Patrick
8917,niki1
11343,SHiPZ
13466,dennyslaw
17145,Rainwaker
20306,Nono2K
19104,jeyN
147,SIXER
18731,wasiNk
8101,KRL
10961,Kristou
16705,Altekz
21199,MistR
13077,Patti
16717,br0
20537,DuubLex
23041,JuMiii
23042,shinez
21510,N0R1
23043,diis6
14094,renatoohaxx
21075,Ezetapsss
9716,kanarito
10004,enanoks
10554,nmt
14061,awzek
20122,FreeZe
7499,Spiidi
15370,slaxz-
12290,PerX
13669,Jackinho
5794,tabseN
19899,Krimbo
14932,faveN
12781,k1to
21468,hyped
18773,f6tal
18780,Victoria
10285,t4tty
18778,Elizabeth
18781,Ksu
13738,AGR
6681,zon1Q
11089,bullet girl
1638,HellRose
22236,mikeri
9115,dexter
20312,xertioN
9960,frozen
14929,JDC
18072,torzsi
14148,sjuush
17956,jabbi
10994,stavn
12018,TeSeS
7964,cadiaN
21966,NeOo
13578,Grim
12713,floppy
17372,FaNg
11630,JT
12840,hallzerk
21127,Calix
20685,choiv7
20253,Dragon
19786,DEPRESHN
20252,Kind0
20813,VLDN
630,MUTiRiS
2241,roman
8998,JUST
20462,story
20464,ewjerkz
11293,whatz
10110,BLOODZ
16103,shellzi
15885,pr
2260,RIZZZ
20734,juissi
18848,HENU
21815,podi
18812,S1rva
21233,myltsi
12521,arT
12553,yuurih
15631,KSCERATO
18835,saffee
19750,drop
16102,NOPEEJ
20463,DDias
20465,arrozdoce
11205,stadodo
21014,Ag1l
20380,J3nsyy
20301,Tauson
20417,Anlelele
16751,jarko
10938,kiR
13628,zykes
14602,Marcelious
16462,Grus
9873,ztk
16928,BFR
17450,sense
20442,vhw
21860,Brave
22048,Tapewaare
12788,RAIMOVORMISTO
16105,N44M4
16369,kaavio
16561,lehtori
22226,yolt
17861,JOTA
8568,boltz
2023,FalleN
12822,VINI
10566,chelo
22144,puuha
22145,Villeboe
21930,millert
22143,p3kko
22733,teme
17656,Frazehh
18218,Tadpole
21818,JAUSTERE
20655,ReegaN
20190,ifan
20213,intra
20215,Umar
9876,zander
17622,Wolffe
21620,nicx
20510,hyza
21067,xicoz
21969,Graviti
9616,AMANEK
21711,Snobling
21971,Brooxsy
19926,afro
8871,Lukki
10730,Sirius
14374,Pham
22058,Zypno
23040,Pzy
21272,tAk
21215,tooi
20595,AwwEzz
22101,spardaus
22191,MAGILA
15406,mikki
8837,akez
16927,SLY
15635,PALM1
15614,Jimbo
8950,Kaze
21621,Moseyuh
8600,advent
19645,JamYoung
20895,Mercury
9521,dobu
19537,cool4st
19536,yAmi
21428,fury5k
15062,shinobi
3820,TOBIZ
21523,Razzmo
20254,Starry
16551,Westmelon
18744,z4kr
11580,V4D1M
22922,EmiliaQAQ
7028,Summer
8552,Attacker
16207,DANK1NG
21324,aristo
10774,Freeman
8784,SandeN
13569,Valencio
15818,K1-FiDa
19594,nbqq
19815,Dytor
11815,anarkez
14494,junior
8507,stanislaw
7805,RUSH
17929,Walco
20333,Jeorge
19128,SLIGHT
14799,brett
15176,Cryptic
18090,micro
18706,freshie
11217,SPELLAN
21657,Skrimo
20114,shaiK
20388,milky
21345,hybrid
20097,h4rn
20228,j3kie
15769,JoJo
15007,Cooper
7808,freakazoid
16163,hate
22022,Trucklover86
19846,CLASIA
17378,reck
18295,jitter
20564,D4rtyMontana
20629,CoJoMo
13689,jchancE
20234,Gabe
22267,mds
21813,xaler
19028,VulcaN
21453,K4mr0
21555,cypress
22021,FAME
22086,N4hSi
21431,sstiNiX
20504,YumsaN
20994,FL4MUS
22459,sh1nejezzz
22460,riskyb0b
13568,AJTT
21300,Rutk0
20229,MoriiSko
9574,snatchie
16425,red
22408,SALO_MUX
22409,weqt2
22441,qqGOD
22447,mediocrity
22450,Yakuza
14561,nighttime
8605,somebody
12958,AE
5187,captainMo
11574,xiaosaGe
13046,magi
13174,flaw
20418,danss
23010,ReX
23011,Suic
8503,fl0m
13013,seziwana
15255,Swahn
17485,ChwE
18629,Munk
21784,simke
8311,nEMANHA
5351,aVN
21302,Cjoffo
21783,brutmonster
921,BERRY
16753,n1xen
9903,notaN
11258,fr0slev
23023,Kenni
22947,Skejs
19614,s4ltovsk1yy
19590,byr9
21452,Kvem
17153,uQlutzavr
19840,DesTiny
22998,1337x9
22999,lyrics3
22160,G7h
23001,Hack1ng
13899,la3euka
22511,ViRESUS
14196,ginger
22979,ZzZoOm
22980,zeokeN
9172,XigN
7131,BnTeT
11141,erkaSt
20903,Senzu
15072,nin9
20258,SPine
20808,Tiger
22997,tutu
21825,AhaNg
22915,jiejie
15835,imoRR
7938,XANTARES
8575,Calyx
150,MAJ3R
19187,xfl0ud
18462,mezii
7528,KRIMZ
13602,nicoodoz
14419,roeJ
11954,FASHR
13464,mar
7910,fejtZ
20052,eku
18800,consss
18802,Wahtzz
20926,aNdu
16393,Lipton
21140,mchk
15709,nATSU
21687,bensty
23024,R1w
13776,Jame
20101,fame
19920,KaiR0N-
13239,Qikert
12732,FL1T
16555,Ax1Le
16920,sh1ro
16921,nafany
8528,HObbit
11942,buster
13633,BLACKEAGLE
18361,D0cC
9419,Lobanjica
20799,SpAwNns
20800,KD69z
22424,fl4shback
20904,ViTaL
18698,POP0V
20718,morE
19345,Dodal
18804,Ping
20194,bLitz
18638,sk0R
19957,Bart4k
20275,Techno
18689,Annihilation
22517,Ducky
22518,wfn
22753,synergii
20653,Atrox
22136,zodi
19229,ROUX
15060,NEUZ
20703,xerolte
21396,ariucle
22333,MiQ
20607,buda
18865,dav1deuS
14736,dgt
19869,try
12092,max
19650,husky
18259,mrhui
18268,DeXter
21502,moshi
18256,eMy
20424,Hkta
20781,munch
20334,t0kk
21200,m1she4ka
22945,Tr0ublE
23022,shocky
20889,7kick
21909,keegaN
21907,Z1W0W
23020,xNave
23021,catmode
11154,exit
8565,HEN1
21037,insani
20987,brnz4n
14394,Tuurtle
15204,Vegi
21381,Zanto
21036,kroK
14242,Vster
10443,Basso
22866,JBOEN
9895,mertz
14370,zibron
20033,Maze
20623,lund
22091,Griller
14007,tudsoN
17113,szejn
14955,Lacore
12466,Ejram
18223,PokemoN
22010,pawkoem
22554,Mride
22702,cej0t
22007,sh3nanigan
23013,ewrzyn
3972,huNter-
3741,NiKo
19230,m0NESY
10096,HooXi
4679,jks
7775,juho
12842,hugilago
9298,truth
5061,PERCY
7414,smF
7590,mupzG
8265,alexsomfan
8848,Ryxxo
8124,DavCost
8726,facecrack
18129,meztal
20533,MOREE
17675,m1N1
22011,kadziu
11287,darko
20246,gRuChA
21763,ultimate
20637,b1elany
13614,Jabz
11403,Blue
11908,Joker
23012,sommer
8735,autimatic
17930,wiz
18838,HexT
11940,neaLaN
9136,Brehze
23019,1vaN
18934,MAD
20807,rage
21829,waituu
10236,WyCloud
22996,AndersenS
23015,Damsi
23016,qvx
23017,SEB
23018,Nielsen
18882,mango
18883,Doru
21150,Triton
7993,Detrony
17371,march
18227,SENSEi
16563,Psycho
19964,SoneSb
14140,FIOURN
20939,history
9219,felps
14390,WOOD7
18717,Lucaozy
16816,vsm
13290,Demonos
14011,r4ul
20885,fREQ
19290,voltera
19831,proSHOW
16282,rAid
20818,zox
21480,Niix
22490,Leggy
23014,Natural
19672,Kyojin
14904,SloWye
9308,pnd
18885,aw3some
19547,Wildheart
20910,exe
21151,uDEADSHOT
???,???
2544,remix
18875,RICIOLI
21915,r1see
17181,naitte
17225,vLa
20157,lub
20183,decenty
11739,shz
5736,kNgV-
18714,piriaz1n
20084,togs
20558,Gafolo
21921,rdnzao
20026,chay
16645,drg
16769,realz1n
18894,t9rnay
19972,ckzao
16814,danoco
18610,detr0ittJ
20066,aidKiT
2299,NENO
19070,viltrex
3730,HOLMES
10610,refrezh
21385,mizu
20621,nitzie
21387,gokushima
21388,swiftsteel
21446,casE
21211,adeX
7537,xartE
9819,doto
8891,Nodios
9217,TACO
18761,viz
15090,PwnAlone
13250,ben1337
12113,Jonji
16478,Momo
21128,Pluto
20519,Lcm
19973,roz
16775,DANVIET
20522,gbb
17325,nolkz
19174,walker
11271,smooya
9656,hAdji
17305,FinigaN
9483,DeStiNy
11922,ALLE
21288,venomzera
18743,nython
10560,yel
19686,n1ssim
7383,zqkS
9220,SHOOWTiME
11213,delboNi
18140,f4stzin
22471,xiELO
16870,ProbLeM
19232,JIaYm
22430,k0s
964,mou
16080,dycha
11777,Maden
922,Snappi
19164,SunPayus
12490,expro
21139,pr1metapz
8601,zhokiNg
8604,aumaN
19836,StarBlank
19838,Daniel
20702,Jee
9686,Gratisfaction
2007,ap0c
12591,sterling
20244,SaVage
19190,Liki
12588,BRACE
18736,pz
11485,malta
14294,hazr
20086,ADDICT
17215,BobZ
17133,desh
16831,w1
17130,TEKO
17132,Leomonster
9069,Nifty
20389,Drew
21091,Pol0
17437,Louie
20202,JDubs
22552,Sandman
20659,cryths
16835,ponter
17216,MaLLby
20083,ninjaZ
20278,short
17219,keiz
20394,luchov
15914,Luken
14737,meyern
2161,Noktse
17039,deco
12074,restikk
20011,bichop
17866,PREDI
18553,fakzwall
17872,FRANAR
20941,Buzz
7592,device
4954,Xyp9x
7412,gla1ve
15165,blameF
22179,Veccil
22414,Efire
22415,AccuracyTG
22908,Wonderzce
22909,Paine
14290,SkulL
19906,damyo
21472,forevint
17392,rekonz
9144,cookie
19735,Roninbaby
21046,Gin
22000,BZA
22995,zltan
19063,tanxiaomei
13950,IZR
12956,hasteka
21809,910
9519,tamir
21402,starDUST
21386,lampada
21445,abiraju
21686,anttzz
22176,Bogemtdarf
22982,aviva
